date_time_month,sentiment_weighted_agg_carosia_by_month_with_op,sentiment_agg_carosia_by_month_with_op,sentiment_agg_picault_by_month_with_op,sentiment_weighted_agg_carosia_by_month_with_sentilex,sentiment_agg_carosia_by_month_with_sentilex,sentiment_agg_picault_by_month_with_sentilex,sentiment_weighted_agg_carosia_by_month_with_vader,sentiment_agg_carosia_by_month_with_vader,sentiment_agg_picault_by_month_with_vader,normalized_sentiment_weighted_agg_carosia_by_month_with_op,normalized_sentiment_agg_carosia_by_month_with_op,normalized_sentiment_agg_picault_by_month_with_op,normalized_sentiment_weighted_agg_carosia_by_month_with_sentilex,normalized_sentiment_agg_carosia_by_month_with_sentilex,normalized_sentiment_agg_picault_by_month_with_sentilex,normalized_sentiment_weighted_agg_carosia_by_month_with_vader,normalized_sentiment_agg_carosia_by_month_with_vader,normalized_sentiment_agg_picault_by_month_with_vader
2009-01-01,-0.10067114093959731,-0.10067114093959731,-0.030871750854251857,0.3582089552238806,0.3582089552238806,0.4748713571746983,-0.6666666666666666,-0.6657381615598886,-25.790478260869566,-0.8304,-1.2663,-0.7428,0.9647,1.5994,0.5782,0.0674,0.1039,0.688
2009-02-01,0.0379746835443038,0.02564102564102564,0.03623822515867973,0.3684210526315789,0.3617021276595745,0.5780668751677828,-0.7872340425531915,-0.7849462365591398,-31.552357954545457,-0.2601,-0.4292,-0.6068,1.0026,1.6204,0.8023,-0.3807,-0.4203,0.1963
2009-03-01,-0.06930693069306931,-0.06060606060606061,-0.34433009270671605,0.19791666666666666,0.2,0.2613282170268502,-0.6461538461538462,-0.6477495107632094,-26.42137987012987,-0.7014,-1.0008,-1.378,0.371,0.6486,0.1144,0.1436,0.183,0.6342
2009-04-01,-0.08629441624365482,-0.08163265306122448,-0.4072032406591231,-0.017543859649122806,-0.01775147928994083,-0.1781066692672113,-0.7455968688845401,-0.7485265225933202,-32.04221666666667,-0.7713,-1.1401,-1.5054,-0.4271,-0.66,-0.8399,-0.2259,-0.2601,0.1544
2009-05-01,0.023255813953488372,0.02830188679245283,0.13885814504345179,0.22950819672131148,0.24166666666666667,0.5220954319916628,-0.676320272572402,-0.6793103448275862,-29.3953791130186,-0.3207,-0.4115,-0.3988,0.488,0.899,0.6808,0.0315,0.0442,0.3803
2009-06-01,-0.14391143911439114,-0.13857677902621723,-0.37014404185453,0.13013698630136986,0.13793103448275862,0.19812032348335956,-0.7160963244613435,-0.7124518613607189,-25.726525172754194,-1.0083,-1.5175,-1.4303,0.1199,0.2756,-0.0228,-0.1163,-0.1015,0.6935
2009-07-01,-0.23163841807909605,-0.2342857142857143,-0.9046727825144029,0.05904761904761905,0.06358381502890173,-0.04863942087182171,-0.6669470142977292,-0.6641091219096334,-22.73928754813864,-1.3691,-2.1519,-2.5136,-0.1434,-0.1712,-0.5587,0.0663,0.1111,0.9484
2009-08-01,0.034013605442176874,0.037037037037037035,0.16979391296863997,0.1827956989247312,0.1880108991825613,0.3724976845864725,-0.6181292189006751,-0.6237816764132553,-26.53123244929797,-0.2764,-0.3537,-0.3361,0.315,0.5766,0.3559,0.2478,0.2884,0.6248
2009-09-01,0.06723891273247497,0.07445255474452554,0.19018923013451056,0.1858678955453149,0.19561815336463223,0.35965863958446453,-0.7627715795654727,-0.7625298329355609,-29.218367441860465,-0.1398,-0.1057,-0.2948,0.3263,0.6223,0.328,-0.2898,-0.3217,0.3955
2009-10-01,-0.0034129692832764505,-0.007017543859649123,0.04593593570085149,0.14754098360655737,0.15422885572139303,0.21667666377774847,-0.6380327868852459,-0.636849132176235,-23.155528414755732,-0.4304,-0.6456,-0.5871,0.1844,0.3736,0.0175,0.1738,0.2309,0.9129
2009-11-01,-0.03493862134088763,-0.015717092337917484,-0.029274110569697493,-0.08559498956158663,-0.07475622968580715,-0.3813501845283186,-0.6524064171122995,-0.6444035006909259,-25.69519397363465,-0.5601,-0.7033,-0.7395,-0.6792,-1.0025,-1.2813,0.1204,0.1977,0.6962
2009-12-01,0.09192200557103064,0.1001410437235543,0.3425702100132867,0.20332936979785968,0.20435308343409916,0.44413418229177876,-0.6699532952776336,-0.6654392425039453,-22.91073916408669,-0.0383,0.0646,0.014,0.391,0.6748,0.5115,0.0552,0.1052,0.9338
2010-01-01,0.11050477489768076,0.10714285714285714,0.3528002900553613,0.15934755332496864,0.1569620253164557,0.25676355803867706,-0.6623492630638678,-0.6629010393131496,-33.204302707136996,0.0382,0.111,0.0348,0.2281,0.39,0.1045,0.0834,0.1164,0.0553
2010-02-01,0.40486725663716816,0.40401785714285715,1.9663413986627143,0.6464174454828661,0.6503937007874016,2.7135057919349967,-0.7863175675675675,-0.7887082976903336,-37.55530067702111,1.249,2.0785,3.3047,2.0323,3.3553,5.4399,-0.3773,-0.4368,-0.3161
2010-03-01,0.3246753246753247,0.32463768115942027,1.1225730552246505,0.22660098522167488,0.22676579925650558,0.47076868818154116,-0.8251716247139588,-0.8257261410788381,-40.18708654670094,0.9191,1.5524,1.5948,0.4772,0.8095,0.5693,-0.5217,-0.5996,-0.5407
2010-04-01,0.367816091954023,0.372960372960373,1.3097816913973985,0.28825622775800713,0.2831541218637993,0.6106889357965369,-0.8216867469879519,-0.8248885285772193,-40.93215228043724,1.0966,1.8727,1.9742,0.7056,1.1483,0.8732,-0.5087,-0.5959,-0.6043
2010-05-01,0.235370611183355,0.24110671936758893,0.6464813331713347,0.44761904761904764,0.45689655172413796,1.12434274132746,-0.8464977645305514,-0.8453373768006065,-43.55528472977874,0.5518,0.9988,0.6299,1.2959,2.1924,1.9887,-0.6009,-0.6858,-0.8282
2010-06-01,0.09025270758122744,0.09202453987730061,0.3039070739851052,0.08842105263157894,0.09284951974386339,0.35053811438045146,-0.7706734867860188,-0.7693974859124404,-38.29912653061225,-0.0451,0.0108,-0.0643,-0.0346,0.0047,0.3082,-0.3191,-0.3519,-0.3796
2010-07-01,0.011884550084889643,0.010309278350515464,0.026298411672135844,0.14796747967479676,0.14332784184514002,0.17871978799150742,-0.814663951120163,-0.813690169840453,-40.03329144514258,-0.3675,-0.5308,-0.6269,0.186,0.3081,-0.065,-0.4826,-0.5467,-0.5276
2010-08-01,0.23572474377745242,0.22822822822822822,0.8890172230508364,0.17551020408163265,0.17777777777777778,0.33741318010815974,-0.7293600390815828,-0.7296758104738155,-34.16443681318681,0.5532,0.9135,1.1215,0.288,0.5151,0.2797,-0.1656,-0.1772,-0.0267
2010-09-01,0.25894134477825465,0.2590448625180897,0.7326156506971122,0.17598908594815826,0.17679558011049723,0.3884346819495412,-0.7800904977375566,-0.7806333180357963,-38.1379843953186,0.6487,1.1177,0.8045,0.2898,0.5092,0.3905,-0.3541,-0.4013,-0.3658
2010-10-01,0.15902140672782875,0.17004680187207488,0.4497694286783354,0.1739674593241552,0.1770700636942675,0.40554132069469645,-0.8299349240780911,-0.8303886925795053,-40.89887658876589,0.2377,0.5279,0.2313,0.2823,0.5108,0.4276,-0.5394,-0.6201,-0.6015
2010-11-01,0.18843802112284602,0.18665158371040724,0.6413956448676579,0.23092573753814852,0.23316062176165803,0.5935307789848312,-0.837015036198255,-0.8374291115311909,-43.21568849557522,0.3587,0.6379,0.6196,0.4932,0.8479,0.8359,-0.5657,-0.6511,-0.7992
2010-12-01,0.0867579908675799,0.08715901530272788,0.38295015318924797,0.27608232789212206,0.27521613832853026,0.6155007132187542,-0.8415150760029902,-0.8395342951151608,-40.73670944309927,-0.0595,-0.0215,0.0959,0.6605,1.1006,0.8836,-0.5824,-0.6603,-0.5876
2011-01-01,0.23579545454545456,0.2413793103448276,0.6855109249210756,0.31592039800995025,0.3189326556543837,0.5398573447167204,-0.7558039552880481,-0.7554585152838428,-35.259568796550376,0.5535,1.0006,0.709,0.8081,1.3633,0.7193,-0.2639,-0.2906,-0.1202
2011-02-01,0.333994053518335,0.3319959879638917,0.8999663181070933,-0.053604436229205174,-0.061567164179104475,-0.3343494932105336,-0.8009756097560976,-0.8,-37.124314781567925,0.9574,1.6012,1.1436,-0.5607,-0.9233,-1.1792,-0.4317,-0.4865,-0.2793
2011-03-01,0.6667955160417472,0.6684782608695652,1.8246108396844547,-0.3891918691125434,-0.39889613647767186,-1.119034649442298,-0.8605208021550435,-0.8624226881882637,-38.956025995575224,2.3263,3.8313,3.0175,-1.8038,-2.9504,-2.8833,-0.653,-0.761,-0.4356
2011-04-01,-0.3506300963676798,-0.35115070527097253,-0.7503314960833927,-0.48394180620367827,-0.48609198567887635,-1.3539436728909247,0.16722129783693843,0.1721928113680691,-3.629087987143432,-1.8586,-2.9264,-2.2008,-2.1547,-3.4744,-3.3935,3.1664,3.7885,2.5795
2011-05-01,0.2280978689818469,0.22673031026252982,0.8983495353619345,0.23694171082513246,0.24064171122994651,0.3080280202681735,-0.8183250196902074,-0.8177470775770457,-39.60109738012852,0.5219,0.9036,1.1404,0.5155,0.8929,0.2159,-0.4962,-0.5645,-0.4907
2011-06-01,0.19721115537848605,0.1942397856664434,0.7081147780117453,-0.04054054054054054,-0.0427596119295724,-0.11182749252845887,-0.42533499102085925,-0.4217439910564561,-25.15495332088557,0.3948,0.6882,0.7548,-0.5123,-0.8102,-0.6959,0.9643,1.1768,0.7423
2011-07-01,0.1563050591492575,0.1564245810055866,0.5321317420702137,0.35362113706062753,0.3544847328244275,0.7469798909561663,-0.9122453236909811,-0.9136781528528318,-60.39856465902067,0.2266,0.4376,0.3982,0.9477,1.577,1.1691,-0.8453,-0.9863,-2.2657
2011-08-01,0.09020709020709021,0.08936771458848464,0.2933033900376997,0.17412587412587413,0.16966490299823633,0.34895255122512997,-0.8779705979882834,-0.8775464766781699,-55.69749571734476,-0.0453,-0.0068,-0.0858,0.2829,0.4663,0.3047,-0.7179,-0.8275,-1.8645
2011-09-01,0.042735042735042736,0.04169424222369292,0.15245952194223342,0.10821998817267889,0.1124330755502677,0.3844645724860196,-0.8249245364381199,-0.8237981292147052,-46.319344969199186,-0.2406,-0.3228,-0.3712,0.0387,0.1224,0.3819,-0.5207,-0.5911,-1.0641
2011-10-01,0.02086230876216968,0.01680672268907563,0.09185932886100157,-0.07125890736342043,-0.07211538461538461,-0.13935105682227614,-0.8098081023454158,-0.8101374570446735,-41.74625592417062,-0.3305,-0.4877,-0.4941,-0.6261,-0.9867,-0.7557,-0.4646,-0.531,-0.6738
2011-11-01,0.05622119815668203,0.05772811918063315,0.3058742839894418,0.2792149866190901,0.27583108715184185,0.6586709416019768,-0.7522508537721204,-0.7513310366426558,-40.68486743515851,-0.1851,-0.2165,-0.0603,0.6721,1.1043,0.9774,-0.2507,-0.2725,-0.5832
2011-12-01,0.15739868049010367,0.15939278937381404,0.40818066025770694,0.09991460290350128,0.10398613518197573,0.21109603120520723,-0.7596095179987797,-0.7626387176325524,-39.93998312236287,0.2311,0.4573,0.147,0.008,0.0716,0.0054,-0.278,-0.3222,-0.5196
2012-01-01,0.019083969465648856,0.019305019305019305,0.2004998018145075,-0.03622047244094488,-0.03492063492063492,-0.04624999772514911,-0.7627118644067796,-0.7658752070679182,-38.84456301303718,-0.3378,-0.4712,-0.2739,-0.4963,-0.7631,-0.5535,-0.2895,-0.3364,-0.4261
2012-02-01,0.24662162162162163,0.2461799660441426,0.8284525128510263,0.189873417721519,0.19489981785063754,0.3579858557738922,-0.7936419408812047,-0.7941507311586051,-40.0628534438115,0.5981,1.0325,0.9987,0.3412,0.618,0.3244,-0.4045,-0.4607,-0.5301
2012-03-01,-0.029159519725557463,-0.02413793103448276,-0.029821145067863573,0.03234880450070324,0.03125,-0.11181594959254532,-0.6771561771561772,-0.6774573278399059,-32.94620867768595,-0.5363,-0.7591,-0.7406,-0.2423,-0.3655,-0.6959,0.0284,0.0524,0.0773
2012-04-01,-0.05434782608695652,-0.0546448087431694,-0.13422081732462554,0.0776255707762557,0.07586206896551724,0.21936229039252333,-0.7452574525745257,-0.7459016393442623,-34.13718946765884,-0.6399,-0.9613,-0.9522,-0.0746,-0.0974,0.0233,-0.2247,-0.2486,-0.0244
2012-05-01,-0.09957924263674614,-0.10099573257467995,-0.16582326706582554,0.2276595744680851,0.22943722943722944,0.8289447112476472,-0.815242494226328,-0.8133836003770029,-36.8852876376989,-0.8259,-1.2685,-1.0163,0.4811,0.8255,1.3472,-0.4848,-0.5453,-0.2589
2012-06-01,0.030525030525030524,0.014962593516209476,0.09858483864643657,0.17038539553752535,0.18503118503118504,0.4381511425049901,-0.7957166392092258,-0.7990622906898861,-43.98567831287378,-0.2908,-0.5,-0.4804,0.269,0.5587,0.4985,-0.4122,-0.4823,-0.8649
2012-07-01,0.1913477537437604,0.19594594594594594,0.39689476771496335,0.02535211267605634,0.032904148783977114,0.14502076764231098,-0.8794402583423035,-0.878721859114016,-46.801194947080916,0.3707,0.6995,0.1241,-0.2682,-0.3555,-0.1381,-0.7233,-0.8326,-1.1052
2012-08-01,0.3347022587268994,0.33884297520661155,0.8349203444394474,0.10297029702970296,0.1031031031031031,0.24081960299667365,-0.752979414951246,-0.7540029112081513,-35.826268844221104,0.9604,1.6466,1.0118,0.0193,0.0663,0.0699,-0.2534,-0.2842,-0.1685
2012-09-01,0.12423124231242312,0.09669211195928754,0.16948874467921243,-0.059469350411710885,-0.05698529411764706,-0.04643853757407851,-0.8662016487000634,-0.8803363518758085,-45.36757530120482,0.0946,0.0417,-0.3367,-0.5824,-0.8957,-0.5539,-0.6741,-0.8397,-0.9829
2012-10-01,0.07769423558897243,0.07458912768647281,0.10142870634223253,-0.043115438108484005,-0.03672316384180791,0.027898934514945392,-0.8259895444361464,-0.8261859582542694,-41.16404827586207,-0.0968,-0.1048,-0.4747,-0.5218,-0.774,-0.3925,-0.5247,-0.6016,-0.6241
2012-11-01,0.33709449929478136,0.3460410557184751,0.9751899286737287,0.09698996655518395,0.11604095563139932,0.10367971333529959,-0.8278335724533716,-0.8243375858684985,-39.02488413547237,0.9702,1.6943,1.2961,-0.0029,0.1441,-0.2279,-0.5316,-0.5935,-0.4415
2012-12-01,-0.019011406844106463,-0.030947775628626693,-0.11078257859926245,0.1684729064039409,0.16666666666666666,0.4033504313019682,-0.8117306299782766,-0.8143646408839779,-36.117902506007546,-0.4945,-0.8042,-0.9047,0.2619,0.4483,0.4229,-0.4717,-0.5496,-0.1934
2013-01-01,0.08167330677290836,0.08904810644831115,0.19791796628359712,-0.062460567823343846,-0.07532467532467532,-0.11982294918905338,-0.7067957249445452,-0.7054582904222451,-38.06471879286694,-0.0804,-0.0089,-0.2791,-0.5935,-1.0059,-0.7133,-0.0817,-0.0707,-0.3596
2013-02-01,0.14324880054832076,0.13562895291637386,0.4171605522501415,0.09983079526226735,0.11021814006888633,0.3717839657021502,-0.7747858017135862,-0.7744486059092801,-39.29823506366307,0.1729,0.2998,0.1652,0.0076,0.1091,0.3543,-0.3344,-0.3741,-0.4648
2013-03-01,0.1406423034330011,0.1258964143426295,0.5006571322021364,-0.14113662024840046,-0.14772277227722772,-0.2714824251500424,-0.8588018857077153,-0.8672714251611363,-44.06781996537796,0.1621,0.2353,0.3344,-0.8849,-1.441,-1.0427,-0.6466,-0.7823,-0.8719
2013-04-01,0.34207525655644244,0.32929782082324455,0.9552625687091809,-0.013740458015267175,-0.013612565445026177,0.02880170144806066,-0.800744248985115,-0.8095570282525287,-39.96458353550057,0.9907,1.5833,1.2557,-0.413,-0.6351,-0.3905,-0.4309,-0.5285,-0.5217
2013-05-01,-0.017006802721088437,-0.032825322391559206,-0.013213754823533277,-0.2638743455497382,-0.26627218934911245,-0.7413193446390571,-0.8532145623547638,-0.8537859007832899,-43.60060835065181,-0.4863,-0.8167,-0.707,-1.3396,-2.1534,-2.063,-0.6259,-0.723,-0.8321
2013-06-01,0.15956151035322777,0.1585677749360614,0.5715178513171564,0.1391957578435705,0.13401109057301294,0.2034052595321087,-0.799884825799021,-0.8005350772889417,-40.26980898876404,0.24,0.4518,0.478,0.1535,0.2521,-0.0113,-0.4277,-0.4888,-0.5478
2013-07-01,0.08745762711864406,0.10428571428571429,0.33131698838879037,-0.0226576852418861,0.005901639344262295,-0.019650673646580463,-0.851440329218107,-0.8482431558525544,-40.903678766588605,-0.0566,0.092,-0.0088,-0.4461,-0.5178,-0.4958,-0.6193,-0.6986,-0.6019
2013-08-01,-0.28924418604651164,-0.27361963190184047,-0.7883982414001913,-0.1909467644246095,-0.1575608036658442,-0.20979774555092878,-0.8283382221655401,-0.8264889855860756,-39.56833737864078,-1.6061,-2.4125,-2.278,-1.0694,-1.5001,-0.9087,-0.5334,-0.6029,-0.4879
2013-09-01,-0.08259587020648967,-0.08921644685802949,-0.15810600247083886,0.10623714873200822,0.12051649928263988,0.20838596010047528,-0.7030724377663153,-0.705743879472693,-32.03360281569966,-0.7561,-1.1904,-1.0006,0.0314,0.171,-0.0005,-0.0679,-0.072,0.1552
2013-10-01,-0.006802721088435374,-0.02193548387096774,-0.10617906356715555,0.12568306010928962,0.10904872389791183,0.4180053048712383,-0.8080994017487345,-0.8138633058652448,-38.32249344978166,-0.4443,-0.7445,-0.8954,0.1034,0.1021,0.4547,-0.4582,-0.5474,-0.3816
2013-11-01,0.07867132867132867,0.09689922480620156,0.4365309006853124,0.3082191780821918,0.33025830258302585,0.8171828441888483,-0.8378531073446328,-0.8352014541048167,-41.38966497747748,-0.0928,0.0431,0.2045,0.7796,1.4314,1.3216,-0.5688,-0.6413,-0.6434
2013-12-01,0.22014622258326563,0.25370531822144726,0.585930204170743,0.08032786885245902,0.1044776119402985,0.031185084445304927,-0.8008093525179856,-0.786083107941972,-40.94021820741436,0.4892,1.0823,0.5072,-0.0646,0.0746,-0.3854,-0.4311,-0.4253,-0.605
2014-01-01,0.09521126760563381,0.12333965844402277,0.3303928296258624,0.03213049925852694,0.033879781420765025,0.07923199577483375,-0.9153301546019361,-0.9119170984455959,-51.66145099246038,-0.0247,0.2183,-0.0106,-0.2431,-0.3497,-0.281,-0.8567,-0.9786,-1.52
2014-02-01,0.4198645598194131,0.4166666666666667,1.4543101335040334,0.37296690970274815,0.3592476489028213,0.734920102141819,-0.801210025929127,-0.8084696823869105,-42.107759487882944,1.3106,2.1624,2.2671,1.0194,1.6056,1.143,-0.4326,-0.5237,-0.7046
2014-03-01,0.24978687127024723,0.2897727272727273,0.8171936994021973,0.38271604938271603,0.37354988399071926,0.9422426639296467,-0.8456461030718456,-0.8395303326810176,-40.6860605256172,0.6111,1.3214,0.9759,1.0555,1.6916,1.5932,-0.5978,-0.6603,-0.5833
2014-04-01,-0.0762081784386617,-0.023255813953488372,-0.10547778529845728,0.017543859649122806,-0.010416666666666666,0.17889196308052266,-0.819509650495566,-0.8280649926144756,-39.872202680067,-0.7298,-0.7532,-0.894,-0.2972,-0.6159,-0.0646,-0.5006,-0.6099,-0.5138
2014-05-01,0.33080260303687636,0.2544747081712062,0.9025384676836093,0.14942528735632185,0.08597285067873303,0.33440443659673713,-0.8415799532809514,-0.8533593532199609,-41.454308838643364,0.9443,1.0874,1.1489,0.1914,-0.0366,0.2731,-0.5826,-0.7211,-0.6489
2014-06-01,-0.1426470588235294,-0.11800172265288544,-0.23875800333597366,-0.25381818181818183,-0.2154233025984912,-0.6098614531913933,-0.8751518095700753,-0.8657142857142858,-42.482965479749936,-1.0031,-1.3812,-1.1641,-1.3023,-1.8479,-1.7775,-0.7074,-0.7754,-0.7367
2014-07-01,0.0981491867638811,0.0798990748528175,0.18674845477727298,-0.1444866920152091,-0.07701637355973318,-0.10727251422052494,-0.8261921216309606,-0.815908600991593,-40.60956512903881,-0.0126,-0.0696,-0.3018,-0.8973,-1.0161,-0.686,-0.5255,-0.5564,-0.5768
2014-08-01,0.10380070265091025,0.10018552875695733,0.3103052359227887,0.251066422912858,0.2020109689213894,0.5874306169293148,-0.8227960819234195,-0.8236130867709816,-42.662756831018164,0.0106,0.0649,-0.0514,0.5679,0.6607,0.8227,-0.5128,-0.5903,-0.752
2014-09-01,-0.036250861474844936,0.01591571396547859,-0.0039627782474082164,0.45440679812615753,0.4710238248551191,1.6029307153844645,-0.8731096644967451,-0.8688571840322813,-44.120025836184624,-0.5655,-0.4936,-0.6882,1.3211,2.2773,3.028,-0.6998,-0.7892,-0.8764
2014-10-01,0.15497349547864048,0.10124333925399645,0.2714211464921171,0.15770609318996415,0.0906288532675709,0.37600321573313694,-0.8475970558522153,-0.8290905012896714,-41.824228202140056,0.2211,0.0719,-0.1302,0.222,-0.0086,0.3635,-0.605,-0.6144,-0.6804
2014-11-01,0.07663197729422895,0.04325130499627144,0.16034597628539238,0.14960629921259844,-0.047660311958405546,-0.0762488454793562,-0.8986453562030992,-0.9106693507800705,-44.33468505859375,-0.1011,-0.3125,-0.3553,0.192,-0.8397,-0.6187,-0.7947,-0.9731,-0.8947
2014-12-01,-0.16310372129849565,-0.10473457675753228,-0.2234293541045446,-0.11904761904761904,-0.12629533678756477,-0.3468043345508805,-0.8833716979063905,-0.8707865168539326,-44.333797321658516,-1.0872,-1.2933,-1.133,-0.8031,-1.3122,-1.2062,-0.738,-0.7977,-0.8946
2015-01-01,0.0163727959697733,0.05238828967642527,0.2391038341684912,0.2562814070351759,0.2880354505169867,0.5948472495836259,-0.8729193805181648,-0.8838276836158192,-45.469078317373466,-0.349,-0.2519,-0.1956,0.5872,1.1777,0.8388,-0.6991,-0.8551,-0.9915
2015-02-01,0.044616299821534804,0.08009909165978531,0.3317527861768347,-0.007138221933809215,0.0009569377990430622,-0.007131233663288165,-0.7775902801214984,-0.8001317812431364,-41.97697151424288,-0.2328,-0.0683,-0.0079,-0.3886,-0.5475,-0.4686,-0.3448,-0.487,-0.6935
2015-03-01,-0.07534883720930233,0.07503410641200546,0.20567738598429136,-0.049720118538030954,-0.014787430683918669,-0.02173149802930785,-0.8546018861167483,-0.8293129263017801,-41.93673593350383,-0.7263,-0.1018,-0.2634,-0.5463,-0.6421,-0.5003,-0.631,-0.6154,-0.69
2015-04-01,0.38177182919056724,0.4171779141104294,0.9511044594010436,0.37659187386294724,0.44379562043795623,0.7540416103480769,-0.7399370548285572,-0.6953349546761,-38.25264506565015,1.154,2.1658,1.2473,1.0328,2.1137,1.1845,-0.2049,-0.0262,-0.3756
2015-05-01,0.14963119072708114,-0.02608695652173913,-0.15567914717214976,0.25824175824175827,0.39415041782729804,0.7624587483498376,-0.8380697050938338,-0.8420418974235493,-43.3458901906731,0.1991,-0.772,-0.9957,0.5944,1.8154,1.2028,-0.5696,-0.6713,-0.8103
2015-06-01,0.045491470349309504,0.107386066003143,0.21549399398576213,-0.0049057578104828295,0.05218800648298217,0.18477570203175878,-0.772685795396938,-0.7827564505978603,-40.26057432020485,-0.2292,0.1126,-0.2435,-0.3803,-0.2397,-0.0518,-0.3266,-0.4106,-0.547
2015-07-01,0.33483348334833485,0.3957495692130959,1.35028580462017,-0.10316226023846553,-0.07474747474747474,-0.03311720899888127,-0.8957291815454935,-0.9037009063444109,-46.54128378378378,0.9609,2.0237,2.0562,-0.7443,-1.0025,-0.525,-0.7839,-0.9425,-1.083
2015-08-01,-0.052357965094689936,0.040339702760084924,0.13408321219110975,0.32354048964218457,0.419583967529173,0.7896986006291005,-0.8730791788856305,-0.8516159847158096,-47.073618929786576,-0.6317,-0.3318,-0.4085,0.8363,1.9682,1.2619,-0.6997,-0.7134,-1.1285
2015-09-01,0.3176680547293278,0.41496598639455784,1.2337849612020164,-0.016800584368151936,-0.020429544264012573,0.05431544769584172,-0.9154064809550881,-0.9079846641106851,-45.09650932865572,0.8903,2.1511,1.8201,-0.4244,-0.676,-0.3351,-0.857,-0.9613,-0.9597
2015-10-01,0.012454212454212455,0.1217292377701934,0.5582528177873102,0.00853658536585366,-0.021671826625386997,0.005707595396444899,-0.8250786163522013,-0.847205707491082,-43.8459197980931,-0.3651,0.2077,0.4511,-0.3305,-0.6835,-0.4407,-0.5213,-0.694,-0.853
2015-11-01,-0.03670242800677583,-0.06418219461697723,0.29469659250943575,-0.025401762571280455,-0.020833333333333332,-0.07384015317060603,-0.7865628042843232,-0.8066795118818241,-42.57647926267281,-0.5673,-1.0245,-0.083,-0.4562,-0.6785,-0.6134,-0.3782,-0.5158,-0.7446
2015-12-01,-0.08279506752789195,0.02418682235195997,0.1297934819876205,-0.06714200831847891,-0.06060606060606061,-0.08820286016341584,-0.8894500561167228,-0.8838442037335792,-47.5763908606921,-0.7569,-0.4388,-0.4172,-0.6108,-0.9175,-0.6446,-0.7605,-0.8552,-1.1714
2016-01-01,-0.0015128593040847202,-0.0854449027695934,-0.1808557251479949,-0.13542844223377798,0.019843101061375174,-0.14926094166952955,-0.9006533757748366,-0.8652833200319234,-43.00384638508943,-0.4226,-1.1654,-1.0467,-0.8638,-0.434,-0.7772,-0.8022,-0.7735,-0.7811
2016-02-01,-0.2723404255319149,-0.26290400385914137,-0.7316776248924641,0.21834625322997417,0.25569620253164554,0.28803854430614034,-0.884,-0.8615444617784711,-41.324066390041494,-1.5365,-2.3415,-2.163,0.4467,0.9833,0.1725,-0.7403,-0.7571,-0.6378
2016-03-01,0.1,-0.11840968020743302,-0.310293415152297,0.22610141313383209,0.29282700421940927,0.40719894951865193,-0.8211648892534865,-0.8635329795299469,-41.364894873612094,-0.005,-1.3839,-1.309,0.4754,1.2065,0.4312,-0.5068,-0.7658,-0.6412
2016-04-01,-0.15052560948333707,0.05985722130697419,0.37090820403067504,-0.26629740093736687,-0.17397881996974282,-0.39020799106190185,-0.8683928571428572,-0.8514263074484945,-40.2931374338383,-1.0355,-0.2024,0.0715,-1.3486,-1.5988,-1.3005,-0.6823,-0.7126,-0.5498
2016-05-01,0.42624780736724605,0.34777070063694265,1.3788555214004061,0.16037420648179085,0.05216095380029806,0.05695250834202671,-0.8696379575721074,-0.8565128900949797,-42.52003080914545,1.3369,1.7058,2.1141,0.2319,-0.2398,-0.3294,-0.6869,-0.735,-0.7398
2016-06-01,0.19090499774876182,0.03005741303613644,0.07472643635632076,-0.01132283899475283,0.009036144578313253,-0.10537337855094714,-0.9055392661859102,-0.8948794364670821,-44.970506576377126,0.3689,-0.3999,-0.5288,-0.4041,-0.499,-0.6819,-0.8203,-0.9037,-0.949
2016-07-01,0.2632794457274827,0.31297709923664124,1.1473339004612024,0.3734142305570877,-0.04470198675496689,-0.05442184380173949,-0.9050187617260788,-0.8926526717557252,-42.886176207513415,0.6666,1.4752,1.6449,1.021,-0.8219,-0.5713,-0.8184,-0.8939,-0.7711
2016-08-01,0.5375110326566638,0.31452455590386624,1.4197873445495728,0.1952428146679881,0.1536926147704591,0.8053203686676841,-0.8735294117647059,-0.8138847858197932,-40.18499660326087,1.7946,1.4854,2.1971,0.3611,0.3703,1.2958,-0.7014,-0.5475,-0.5405
2016-09-01,0.236328125,0.15625,0.5397018919457438,-0.06596051998074146,0.02877697841726619,0.04625534602614513,-0.78360768175583,-0.8005280140803754,-36.57079664570231,0.5557,0.4364,0.4135,-0.6065,-0.3803,-0.3526,-0.3672,-0.4888,-0.2321
2016-10-01,-0.25552353506243997,-0.29635499207606975,-0.6824455210571005,-0.1755834829443447,-0.22337962962962962,-0.5268631012909446,-0.81966618287373,-0.8485298485298486,-41.403418141592915,-1.4674,-2.5632,-2.0632,-1.0125,-1.8957,-1.5973,-0.5012,-0.6999,-0.6445
2016-11-01,0.19123841617523168,0.08346972176759411,0.33359114131063555,0.26559911651021534,0.18858560794044665,0.6456642309813371,-0.7875,-0.8024570024570025,-34.74248597324126,0.3703,-0.0459,-0.0042,0.6217,0.58,0.9491,-0.3817,-0.4973,-0.076
2016-12-01,0.2656855151045701,-0.019157088122605363,-0.07352128630638893,-0.005628517823639775,0.008939974457215836,0.11217565244658435,-0.8304894055878492,-0.800990916597853,-36.81335621387284,0.6765,-0.7261,-0.8292,-0.383,-0.4996,-0.2095,-0.5414,-0.4908,-0.2528
2017-01-01,0.031736154324828875,-0.15805022156573117,-0.2696075086355988,-0.2052401746724891,-0.050946142649199416,-0.006628839051137007,-0.7702840792969549,-0.7482252721249408,-33.017303459119496,-0.2858,-1.6466,-1.2266,-1.1224,-0.8594,-0.4675,-0.3177,-0.2588,0.0712
2017-02-01,-0.29477351916376304,-0.05102040816326531,-0.040962667592957726,-0.06534422403733955,0.006501950585175552,0.07178374002308499,-0.7165869619934558,-0.7156348373557188,-32.33108597285068,-1.6288,-0.9373,-0.7632,-0.6042,-0.5142,-0.2972,-0.1181,-0.1155,0.1298
2017-03-01,-0.03318722604884158,0.05785123966942149,0.07335291342644283,-0.38990620812862886,-0.3129943502824859,-0.8882772810601881,-0.8195086353685235,-0.7677224736048266,-34.464595959595954,-0.5529,-0.2157,-0.5316,-1.8064,-2.4342,-2.3822,-0.5006,-0.3445,-0.0523
2017-04-01,0.342728297632469,0.022071307300509338,0.09033938672219977,0.11977321048901489,-0.15666178623718888,-0.2953879129728919,-0.6517686930735014,-0.6978165938864629,-33.35473726434015,0.9934,-0.4528,-0.4971,0.0815,-1.4947,-1.0946,0.1228,-0.0371,0.0424
2017-05-01,-0.1370304114490161,-0.006993006993006993,0.07982769241417957,-0.4323412089598036,-0.16519823788546256,-0.38172204236241153,-0.8203720646538579,-0.751167728237792,-36.180192235205425,-0.98,-0.6455,-0.5184,-1.9636,-1.546,-1.2821,-0.5038,-0.2717,-0.1987
2017-06-01,0.14835787089467722,0.1184573002754821,0.3586349761060823,-0.26097681302417364,0.060240963855421686,0.23689327773613417,-0.7000786163522013,-0.7849148418491484,-35.79048531289911,0.1939,0.186,0.0466,-1.3288,-0.1913,0.0614,-0.0568,-0.4201,-0.1655
2017-07-01,0.3238608525232729,-0.12021857923497267,-0.23230986589213892,0.045051436679673644,0.0449438202247191,0.080652345200096,-0.874677619638934,-0.8214978657353512,-36.536687565308256,0.9158,-1.3959,-1.151,-0.1953,-0.2832,-0.2779,-0.7056,-0.581,-0.2292
2017-08-01,0.22896698615548455,0.11392405063291139,0.48015990073041853,-0.20865533230293662,-0.01557632398753894,-0.12355437892285594,-0.8357529794149512,-0.8193082085699536,-37.491933424532604,0.5254,0.1559,0.2929,-1.135,-0.6469,-0.7214,-0.561,-0.5714,-0.3107
2017-09-01,0.0,0.04011887072808321,0.1482219710630524,0.011787819253438114,-0.0051813471502590676,-0.06422118853675862,-0.7245702730030333,-0.8232890704800817,-36.78595052083333,-0.4163,-0.3332,-0.3798,-0.3185,-0.5844,-0.5926,-0.1478,-0.5889,-0.2504
2017-10-01,0.26366418889374726,0.04538341158059468,0.23362881867013338,0.09463276836158192,0.09036144578313253,0.2743763880374635,-0.8704746580852776,-0.8239254272397721,-37.828347946469776,0.6682,-0.2983,-0.2067,-0.0116,-0.0103,0.1428,-0.69,-0.5917,-0.3394
2017-11-01,-0.4304865364613429,0.27790432801822323,1.05516983250004,0.7745132330651743,0.1656590084643289,0.24274043401464074,-0.8982304493190899,-0.7641509433962265,-34.80007059800664,-2.187,1.2427,1.4582,2.5068,0.4422,0.0741,-0.7932,-0.3288,-0.0809
2017-12-01,-0.08372093023255814,0.08041237113402062,0.25440691983722513,-0.36688741721854307,0.045104510451045104,0.1667932363011874,-0.5323748783915252,-0.7388646288209607,-35.99893333333333,-0.7607,-0.0662,-0.1646,-1.7212,-0.2822,-0.0909,0.5665,-0.2176,-0.1833
2018-01-01,-0.22021660649819494,0.25378450578806766,1.0397682825747685,-0.4125723515951003,0.06134969325153374,0.06547905656751507,-0.7454769014579308,-0.7598290598290598,-36.90810984848485,-1.3221,1.0829,1.427,-1.8904,-0.1846,-0.3109,-0.2255,-0.3098,-0.2609
2018-02-01,-0.19284802043422733,-0.05066079295154185,-0.21612307776322473,-0.20377911712005212,0.1570945945945946,0.3781009300618813,-0.4246267130292493,-0.8000843525938423,-39.39760650658404,-1.2096,-0.9349,-1.1182,-1.117,0.3908,0.368,0.9669,-0.4868,-0.4733
2018-03-01,0.1758949266031419,0.1686046511627907,0.5580507893506236,0.05343511450381679,0.10338517840805124,0.2369834637451627,-0.8318445734702993,-0.7388289676425269,-36.95395035460993,0.3071,0.5183,0.4507,-0.1642,0.068,0.0616,-0.5465,-0.2175,-0.2648
2018-04-01,-0.22191564840362632,-0.012858555885262116,-0.11895763940019491,-0.09872922776148582,0.13768844221105528,0.3656553673800396,-0.7428571428571429,-0.7316561844863732,-35.048944337811896,-1.3291,-0.6843,-0.9213,-0.7279,0.2742,0.341,-0.2158,-0.1859,-0.1022
2018-05-01,0.32278147092961906,0.20140632847815168,0.6837255799594502,0.4304815096894305,0.32615629984051037,1.2549181709532724,-0.7647934868943606,-0.7307279364397681,-39.59632452981193,0.9113,0.7357,0.7054,1.2324,1.4068,2.2722,-0.2973,-0.1819,-0.4903
2018-06-01,0.08232676414494597,0.13357933579335793,0.22210026680801848,0.03050211168465509,0.0745466756212223,0.10152324268775358,-0.7959409849691764,-0.7293413173652694,-34.10945868200837,-0.0777,0.2862,-0.2301,-0.2492,-0.1053,-0.2326,-0.413,-0.1758,-0.022
2018-07-01,0.3439926907263591,0.16475095785440613,0.4575516302751619,-0.07337237340682053,0.21176470588235294,0.3310265638245004,-0.8315307291003945,-0.6885813148788927,-30.474389438943895,0.9986,0.4928,0.2471,-0.6339,0.7193,0.2658,-0.5453,0.0035,0.2883
2018-08-01,0.3812302050341724,0.0174110522331567,0.01210756000667112,0.28668551832019734,0.007407407407407408,-0.23221147994812452,-0.5727631630379549,-0.6926020408163265,-35.746548311990686,1.1517,-0.4837,-0.6557,0.6998,-0.5088,-0.9574,0.4164,-0.0142,-0.1617
2018-09-01,-0.2487751769188895,0.02064409578860446,-0.06262061742848925,0.06632390745501285,0.054573405073020755,0.030551664651439738,-0.8531284302963776,-0.7233757535164099,-36.881340799031484,-1.4396,-0.4623,-0.8071,-0.1165,-0.2253,-0.3867,-0.6256,-0.1495,-0.2586
2018-10-01,-0.4301973778994381,0.10128388017118402,0.3309766715901052,0.3921808185705559,0.3390928725701944,0.6706586605740255,-0.888601361706404,-0.7221228384019082,-35.41451891891892,-2.1858,0.0721,-0.0095,1.0906,1.4845,1.0034,-0.7574,-0.144,-0.1334
2018-11-01,0.41887292817679556,0.38749194068343007,1.522360063395842,0.02503308971629165,0.22733612273361228,0.45509656873605103,-0.6634524372929484,-0.7704741379310345,-37.66118052139695,1.3066,1.969,2.405,-0.2694,0.8129,0.5353,0.0793,-0.3566,-0.3251
2018-12-01,0.30262948207171314,0.1526919682259488,0.42084522033875055,-0.14913136833886395,0.018806214227309895,0.04994944648561069,-0.8664584567336169,-0.7138364779874213,-35.066364254162416,0.8284,0.4129,0.1727,-0.9145,-0.4403,-0.3446,-0.6751,-0.1076,-0.1037
2019-01-01,-0.6612372422411997,-0.11705685618729098,-0.707214743041916,-0.41303519247871934,0.09307520476545049,0.21297518183655612,-0.7365864249464,-0.6818335018537243,-33.20661365762395,-3.1362,-1.3749,-2.1134,-1.8921,0.0061,0.0094,-0.1925,0.0331,0.0551
2019-02-01,0.7785474860335195,0.21665089877010407,0.6597069017416421,0.8647559562786481,0.16123499142367068,0.3477900106589367,-0.0371809218166079,-0.7346080305927343,-36.09521956444127,2.786,0.8367,0.6567,2.8411,0.4157,0.3022,2.4068,-0.1989,-0.1915
2019-03-01,0.25712583176085013,0.15053763440860216,0.5622454383539633,0.17130089374379345,-0.011556764106050306,-0.219111666823954,-0.8125252162998162,-0.6594871794871795,-34.04973300217324,0.6413,0.3986,0.4592,0.2724,-0.6227,-0.9289,-0.4747,0.1314,-0.0169
2019-04-01,-0.1241708239679842,0.06877662811929397,0.19448005515592634,0.808268988086326,0.38934426229508196,1.2627962812092037,0.03333531580825502,-0.6571116571116571,-33.80633299543842,-0.9271,-0.1433,-0.2861,2.6318,1.7865,2.2894,2.6688,0.1418,0.0039
2019-05-01,-0.07289842381786339,0.11602870813397129,0.3527581513403139,0.017256453913763747,0.10121886592474828,0.2938503230392191,-0.7027643794409004,-0.6553815058110156,-35.41815266810242,-0.7162,0.1699,0.0347,-0.2982,0.055,0.1851,-0.0668,0.1495,-0.1337
2019-06-01,0.13313538239306635,0.011103853690398433,0.00881139182218921,0.015402926556045648,0.04708798017348203,-0.014682811095686999,-0.7178017799139093,-0.7043908472479901,-38.135630955818655,0.1313,-0.5255,-0.6624,-0.3051,-0.2703,-0.485,-0.1226,-0.066,-0.3656
2019-07-01,0.9037167825134658,0.0963855421686747,0.4669190006082325,0.796713421640254,0.03596287703016241,-0.011008046829199326,0.42470364672880284,-0.7011627906976744,-37.187527340624165,3.3008,0.0397,0.266,2.589,-0.3372,-0.477,4.1233,-0.0519,-0.2847
2019-08-01,-0.045384442095413036,0.11825652018578063,0.3911791359584164,0.04586763909860118,-0.000663129973474801,-0.05011411867407291,-0.6857812942965388,-0.7361192285213326,-41.26171686328938,-0.603,0.1846,0.1125,-0.1922,-0.5573,-0.5619,-0.0036,-0.2056,-0.6324
2019-09-01,-0.00731250377711972,0.08445945945945946,0.3591728057571037,-0.05712885840274375,0.033314511575381144,0.03046939281467258,-0.642442326820034,-0.7417371252882398,-38.99255060728745,-0.4464,-0.0394,0.0477,-0.5738,-0.3531,-0.3869,0.1574,-0.2303,-0.4388
2019-10-01,-0.15011731815685686,0.0731981981981982,0.18846326350456874,-0.020654277100301488,0.05211190345584202,0.09441077808282729,-0.7531409260621917,-0.7161221210498125,-37.18420473979966,-1.0338,-0.114,-0.2983,-0.4386,-0.2401,-0.248,-0.254,-0.1176,-0.2844
2019-11-01,0.668713940070724,0.18061674008810572,0.6145732125993538,0.6636926739003901,0.27213910230489285,0.8923685376267974,-0.5845126194952202,-0.7064698219713418,-36.22496463932108,2.3342,0.5979,0.5653,2.0963,1.0821,1.4849,0.3727,-0.0752,-0.2025
2019-12-01,0.6750362286694467,0.15504807692307693,0.540462229397921,0.3375724855028994,0.17710843373493976,0.3788825728124289,-0.7339251465833744,-0.6801909307875895,-33.69773736880644,2.3602,0.4285,0.4151,0.8883,0.5111,0.3697,-0.1826,0.0404,0.0131
2020-01-01,-0.18670964542524177,0.06628242074927954,0.36721264030967515,0.4395650355499791,0.2,0.5471870311492834,0.288933601609658,-0.1752988047808765,-8.477620481927712,-1.1843,-0.1598,0.064,1.2661,0.6486,0.7353,3.6187,2.2605,2.1657
2020-02-01,-0.0025853154084798345,0.11682242990654206,0.5622368566700611,0.12491738268341045,0.14027149321266968,0.5448311179936349,-0.24577861163227016,-0.20987654320987653,-8.408213429256595,-0.427,0.1751,0.4592,0.1006,0.2897,0.7301,1.6315,2.1085,2.1716
2020-03-01,0.3608985837538662,-0.06708268330733229,-0.4984475453221708,0.5516829792313201,0.056179775280898875,0.17156344913533325,-0.3338640660762265,-0.27063740856844304,-11.866128246753247,1.0681,-1.0437,-1.6904,1.6814,-0.2157,-0.0805,1.3042,1.8413,1.8765
2020-04-01,-0.10248862724110248,-0.016339869281045753,-0.06541099095604118,-0.37153720803910917,-0.035175879396984924,-0.12291444302530753,-0.27775831873905427,-0.20430107526881722,-10.23191341991342,-0.8379,-0.7074,-0.8128,-1.7384,-0.7647,-0.72,1.5127,2.133,2.0159
2020-05-01,-0.03298424194969169,0.06229508196721312,0.3267992906524338,0.07925364862368373,-0.011272141706924315,-0.12836178966203932,-0.5137223012807481,-0.2552742616033755,-12.664974003466204,-0.552,-0.1863,-0.0179,-0.0686,-0.621,-0.7318,0.6358,1.9088,1.8083
2020-06-01,0.3659320182484097,0.11858407079646018,0.31244180943798644,0.3378804452737919,0.15693430656934307,0.2858868788371992,0.3874577702702703,-0.2161520190023753,-9.378905380333952,1.0888,0.1868,-0.047,0.8894,0.3898,0.1678,3.9848,2.0809,2.0887
2020-07-01,0.05111402359108781,0.16169544740973313,0.7371055319398696,-0.21517907902217168,-0.03776683087027915,-0.15956969485089087,-0.7782815688052596,-0.32105868814729577,-14.56577623590633,-0.2061,0.4725,0.8136,-1.1592,-0.7802,-0.7996,-0.3474,1.6196,1.646
2020-08-01,-0.44543559816590245,0.1225296442687747,0.7728939791191091,0.6051819864281308,0.16698656429942418,0.307226001048506,-0.47977659117412386,-0.2034956304619226,-8.310802348336594,-2.2485,0.213,0.8861,1.8796,0.4502,0.2141,0.7619,2.1365,2.1799
2020-09-01,-0.2901206973625391,0.1588785046728972,0.5940776787688766,-0.1912276009628243,0.14862385321100918,0.32136760494631195,-0.2755542180760357,-0.1630695443645084,-6.438103294746216,-1.6097,0.4539,0.5237,-1.0705,0.3399,0.2448,1.5209,2.3143,2.3397
2020-10-01,0.12331206410446653,0.020463847203274217,0.32342625026553196,0.09401188480877648,0.03899721448467967,0.04456541974987923,-0.16361273554256012,-0.22437137330754353,-10.097360406091372,0.0909,-0.4635,-0.0248,-0.0139,-0.3189,-0.3563,1.9369,2.0447,2.0274
2020-11-01,0.5082559339525283,0.036231884057971016,0.057933781445977675,0.5788050824547175,0.23825503355704697,0.723626463339868,-0.12365029606408917,-0.12761020881670534,-5.88852865697177,1.6742,-0.359,-0.5628,1.7818,0.8785,1.1184,2.0854,2.4702,2.3866
2020-12-01,-0.004032258064516129,0.13253012048192772,0.7094334859152267,0.5917937927406628,0.06948640483383686,0.10834909886898902,-0.013535031847133758,-0.07575757575757576,-5.112278308321964,-0.4329,0.2792,0.7575,1.83,-0.1357,-0.2178,2.4946,2.6982,2.4529
2021-01-01,0.0750561797752809,0.13274336283185842,0.9412977756356099,0.017013232514177693,0.005847953216374269,0.018347144955070404,-0.24456981664315938,-0.21470019342359767,-9.299724349157733,-0.1076,0.2806,1.2274,-0.2991,-0.5181,-0.4132,1.636,2.0872,2.0955
2021-02-01,0.3047830923248053,0.08310502283105023,0.6050787683789938,0.4068738423543939,0.24666666666666667,1.117245099281323,-0.058010254046892105,-0.2664451827242525,-14.458253706754531,0.8373,-0.0483,0.546,1.145,0.9291,1.9733,2.3293,1.8597,1.6552
2021-03-01,0.08682516747668462,0.0847457627118644,0.3747271346140789,0.4256950005720169,0.02073365231259968,0.03445564327148801,0.0025350509596978633,-0.25182863113897597,-13.682270042194093,-0.0592,-0.0375,0.0792,1.2147,-0.4287,-0.3783,2.5544,1.924,1.7214
2021-04-01,0.025605214152700187,0.043478260869565216,0.19290495877030595,0.20521172638436483,-0.002785515320334262,-0.09352285655909551,-0.7900623790062379,-0.24907063197026022,-12.657951807228915,-0.311,-0.311,-0.2893,0.398,-0.57,-0.6562,-0.3912,1.9361,1.8089
2021-05-01,0.5084961767204758,0.026881720430107527,0.13080754321111457,0.38221814848762603,0.09641873278236915,0.4428070597767916,-0.4913871260199456,-0.20622568093385213,-9.4855720653789,1.6752,-0.421,-0.4151,1.0537,0.0262,0.5086,0.7188,2.1245,2.0796
2021-06-01,0.5161523975083298,0.10382513661202186,0.5542693598049909,0.2968527597659339,0.04864864864864865,0.009910540657379511,-0.07926970187196672,-0.12994350282485875,-7.603698630136986,1.7067,0.089,0.4431,0.7375,-0.2609,-0.4316,2.2503,2.4599,2.2402
2021-07-01,0.4427523970671179,0.1821561338289963,0.9242211919940124,-0.6893203883495146,0.05405405405405406,0.3068286254716511,-0.41484024293636124,-0.17303370786516853,-9.52118613138686,1.4048,0.6081,1.1928,-2.9155,-0.2284,0.2133,1.0033,2.2705,2.0766
2021-08-01,0.1963470319634703,0.03054989816700611,0.06551669132338174,0.13215208564045774,0.06640625,0.24559486288637306,-0.4109458168418179,-0.2124492557510149,-11.63412972972973,0.3913,-0.3966,-0.5474,0.1274,-0.1542,0.0803,1.0177,2.0971,1.8963
2021-09-01,0.030313528494716784,0.03854875283446712,0.3595326939418516,-0.0668744686880136,0.07860262008733625,0.2139834615886969,-0.09528907922912205,-0.2803738317757009,-13.030753768844223,-0.2917,-0.3436,0.0484,-0.6099,-0.0809,0.0116,2.1908,1.7985,1.7771
2021-10-01,0.12927120669056152,-0.026604068857589983,-0.13759030902983094,-0.09309547406673274,-0.09925925925925926,-0.42971474288411166,-0.5676595744680851,-0.35639412997903563,-17.416700593723494,0.1154,-0.7754,-0.959,-0.707,-1.1498,-1.3863,0.4353,1.4642,1.4027
2021-11-01,-0.2984663782933543,0.10638297872340426,0.7674955086363133,-0.16829268292682928,0.06285714285714286,0.06733312108300736,-0.38633058652447894,-0.24045801526717558,-13.773742138364781,-1.644,0.1059,0.8752,-0.9855,-0.1755,-0.3069,1.1092,1.974,1.7136
2021-12-01,0.3907859078590786,-0.009852216748768473,0.2281040937369043,-0.737301180092355,-0.05392156862745098,-0.30595641526963546,-0.6788147507299664,-0.2597623089983022,-11.396631439894318,1.191,-0.6644,-0.2179,-3.0932,-0.8773,-1.1175,0.0222,1.8891,1.9165
